-- phpMyAdmin SQL Dump
-- version 5.2.1
-- https://www.phpmyadmin.net/
--
-- Servidor: 127.0.0.1
-- Tiempo de generación: 16-11-2025 a las 05:37:40
-- Versión del servidor: 10.4.32-MariaDB
-- Versión de PHP: 8.2.12

SET SQL_MODE = "NO_AUTO_VALUE_ON_ZERO";
START TRANSACTION;
SET time_zone = "+00:00";


/*!40101 SET @OLD_CHARACTER_SET_CLIENT=@@CHARACTER_SET_CLIENT */;
/*!40101 SET @OLD_CHARACTER_SET_RESULTS=@@CHARACTER_SET_RESULTS */;
/*!40101 SET @OLD_COLLATION_CONNECTION=@@COLLATION_CONNECTION */;
/*!40101 SET NAMES utf8mb4 */;

--
-- Base de datos: `mediclick`
--

-- --------------------------------------------------------

--
-- Estructura de tabla para la tabla `citas`
--

CREATE TABLE `citas` (
  `id_cita` int(11) NOT NULL,
  `id_paciente` int(11) NOT NULL,
  `id_medico` int(11) NOT NULL,
  `fecha_hora_cita` datetime NOT NULL,
  `estado` enum('CONFIRMADA','PENDIENTE','REALIZADA','CANCELADA','REPROGRAMADA') DEFAULT 'PENDIENTE',
  `tipo_cita` varchar(50) DEFAULT 'especializacion'
) ENGINE=InnoDB DEFAULT CHARSET=utf8mb4 COLLATE=utf8mb4_general_ci;

--
-- Volcado de datos para la tabla `citas`
--

INSERT INTO `citas` (`id_cita`, `id_paciente`, `id_medico`, `fecha_hora_cita`, `estado`, `tipo_cita`) VALUES
(20, 1, 2, '2025-11-14 17:00:00', 'CANCELADA', 'especializacion'),
(21, 1, 3, '2025-11-15 07:00:00', 'CANCELADA', 'especializacion'),
(22, 1, 2, '2025-11-15 07:00:00', 'CANCELADA', 'especializacion'),
(23, 1, 2, '2025-11-15 07:40:00', 'CANCELADA', 'especializacion'),
(24, 1, 2, '2025-11-15 18:40:00', 'CANCELADA', 'especializacion'),
(25, 1, 2, '2025-11-15 09:00:00', 'CANCELADA', 'especializacion'),
(26, 1, 2, '2025-11-15 08:00:00', 'CANCELADA', 'especializacion'),
(27, 1, 2, '2025-11-15 08:20:00', 'CANCELADA', 'especializacion'),
(28, 1, 1, '2025-11-15 07:00:00', 'CANCELADA', 'general'),
(29, 1, 1, '2025-11-15 07:20:00', 'CANCELADA', 'general'),
(30, 1, 1, '2025-11-15 07:00:00', 'CANCELADA', 'general'),
(31, 1, 1, '2025-11-15 07:20:00', 'REPROGRAMADA', 'general'),
(32, 1, 1, '2025-11-15 07:00:00', 'CANCELADA', 'general'),
(33, 1, 1, '2025-11-15 07:40:00', 'CANCELADA', 'general'),
(34, 1, 1, '2025-11-16 07:00:00', 'REPROGRAMADA', 'general'),
(35, 1, 1, '2025-11-16 07:20:00', 'CONFIRMADA', 'general');

-- --------------------------------------------------------

--
-- Estructura de tabla para la tabla `especialidad`
--

CREATE TABLE `especialidad` (
  `id_especialidad` int(11) NOT NULL,
  `nombre` varchar(100) NOT NULL
) ENGINE=InnoDB DEFAULT CHARSET=utf8mb4 COLLATE=utf8mb4_general_ci;

--
-- Volcado de datos para la tabla `especialidad`
--

INSERT INTO `especialidad` (`id_especialidad`, `nombre`) VALUES
(1, 'General'),
(2, 'Pediatría'),
(3, 'Dermatología'),
(4, 'Odontología'),
(5, 'Cardiología');

-- --------------------------------------------------------

--
-- Estructura de tabla para la tabla `horarios`
--

CREATE TABLE `horarios` (
  `id_horario` int(11) NOT NULL,
  `id_medico` int(11) NOT NULL,
  `fecha` date NOT NULL,
  `hora_inicio` time NOT NULL,
  `hora_fin` time NOT NULL,
  `estado` enum('libre','ocupado') DEFAULT 'libre'
) ENGINE=InnoDB DEFAULT CHARSET=utf8mb4 COLLATE=utf8mb4_general_ci;

--
-- Volcado de datos para la tabla `horarios`
--

INSERT INTO `horarios` (`id_horario`, `id_medico`, `fecha`, `hora_inicio`, `hora_fin`, `estado`) VALUES
(1, 1, '2025-11-11', '07:00:00', '07:20:00', 'libre'),
(2, 1, '2025-11-11', '07:20:00', '07:40:00', 'libre'),
(3, 1, '2025-11-11', '07:40:00', '08:00:00', 'libre'),
(4, 1, '2025-11-11', '08:00:00', '08:20:00', 'libre'),
(5, 1, '2025-11-11', '08:20:00', '08:40:00', 'libre'),
(6, 1, '2025-11-11', '08:40:00', '09:00:00', 'libre'),
(7, 1, '2025-11-11', '09:00:00', '09:20:00', 'libre'),
(8, 1, '2025-11-11', '09:20:00', '09:40:00', 'libre'),
(9, 1, '2025-11-11', '09:40:00', '10:00:00', 'libre'),
(10, 1, '2025-11-11', '10:00:00', '10:20:00', 'libre'),
(11, 1, '2025-11-11', '10:20:00', '10:40:00', 'libre'),
(12, 1, '2025-11-11', '10:40:00', '11:00:00', 'libre'),
(13, 1, '2025-11-11', '11:00:00', '11:20:00', 'libre'),
(14, 1, '2025-11-11', '11:20:00', '11:40:00', 'libre'),
(15, 1, '2025-11-11', '14:00:00', '14:20:00', 'libre'),
(16, 1, '2025-11-11', '14:20:00', '14:40:00', 'libre'),
(17, 1, '2025-11-11', '14:40:00', '15:00:00', 'libre'),
(18, 1, '2025-11-11', '15:00:00', '15:20:00', 'libre'),
(19, 1, '2025-11-11', '15:20:00', '15:40:00', 'libre'),
(20, 1, '2025-11-11', '15:40:00', '16:00:00', 'libre'),
(21, 1, '2025-11-11', '16:00:00', '16:20:00', 'libre'),
(22, 1, '2025-11-11', '16:20:00', '16:40:00', 'libre'),
(23, 1, '2025-11-11', '16:40:00', '17:00:00', 'libre'),
(24, 1, '2025-11-11', '17:00:00', '17:20:00', 'libre'),
(25, 1, '2025-11-11', '17:20:00', '17:40:00', 'libre'),
(26, 1, '2025-11-11', '17:40:00', '18:00:00', 'libre'),
(27, 1, '2025-11-11', '18:00:00', '18:20:00', 'libre'),
(28, 1, '2025-11-11', '18:20:00', '18:40:00', 'libre'),
(29, 1, '2025-11-11', '18:40:00', '19:00:00', 'libre'),
(30, 1, '2025-11-11', '19:00:00', '19:20:00', 'libre'),
(31, 1, '2025-11-11', '19:20:00', '19:40:00', 'libre'),
(32, 1, '2025-11-12', '07:00:00', '07:20:00', 'libre'),
(33, 1, '2025-11-12', '07:20:00', '07:40:00', 'libre'),
(34, 1, '2025-11-12', '07:40:00', '08:00:00', 'libre'),
(35, 1, '2025-11-12', '08:00:00', '08:20:00', 'libre'),
(36, 1, '2025-11-12', '08:20:00', '08:40:00', 'libre'),
(37, 1, '2025-11-12', '08:40:00', '09:00:00', 'libre'),
(38, 1, '2025-11-12', '09:00:00', '09:20:00', 'libre'),
(39, 1, '2025-11-12', '09:20:00', '09:40:00', 'libre'),
(40, 1, '2025-11-12', '09:40:00', '10:00:00', 'libre'),
(41, 1, '2025-11-12', '10:00:00', '10:20:00', 'libre'),
(42, 1, '2025-11-12', '10:20:00', '10:40:00', 'libre'),
(43, 1, '2025-11-12', '10:40:00', '11:00:00', 'libre'),
(44, 1, '2025-11-12', '11:00:00', '11:20:00', 'libre'),
(45, 1, '2025-11-12', '11:20:00', '11:40:00', 'libre'),
(46, 1, '2025-11-12', '14:00:00', '14:20:00', 'libre'),
(47, 1, '2025-11-12', '14:20:00', '14:40:00', 'libre'),
(48, 1, '2025-11-12', '14:40:00', '15:00:00', 'libre'),
(49, 1, '2025-11-12', '15:00:00', '15:20:00', 'libre'),
(50, 1, '2025-11-12', '15:20:00', '15:40:00', 'libre'),
(51, 1, '2025-11-12', '15:40:00', '16:00:00', 'libre'),
(52, 1, '2025-11-12', '16:00:00', '16:20:00', 'libre'),
(53, 1, '2025-11-12', '16:20:00', '16:40:00', 'libre'),
(54, 1, '2025-11-12', '16:40:00', '17:00:00', 'libre'),
(55, 1, '2025-11-12', '17:00:00', '17:20:00', 'libre'),
(56, 1, '2025-11-12', '17:20:00', '17:40:00', 'libre'),
(57, 1, '2025-11-12', '17:40:00', '18:00:00', 'libre'),
(58, 1, '2025-11-12', '18:00:00', '18:20:00', 'libre'),
(59, 1, '2025-11-12', '18:20:00', '18:40:00', 'libre'),
(60, 1, '2025-11-12', '18:40:00', '19:00:00', 'libre'),
(61, 1, '2025-11-12', '19:00:00', '19:20:00', 'libre'),
(62, 1, '2025-11-12', '19:20:00', '19:40:00', 'libre'),
(63, 1, '2025-11-13', '07:00:00', '07:20:00', 'libre'),
(64, 1, '2025-11-13', '07:20:00', '07:40:00', 'libre'),
(65, 1, '2025-11-13', '07:40:00', '08:00:00', 'libre'),
(66, 1, '2025-11-13', '08:00:00', '08:20:00', 'libre'),
(67, 1, '2025-11-13', '08:20:00', '08:40:00', 'libre'),
(68, 1, '2025-11-13', '08:40:00', '09:00:00', 'libre'),
(69, 1, '2025-11-13', '09:00:00', '09:20:00', 'libre'),
(70, 1, '2025-11-13', '09:20:00', '09:40:00', 'libre'),
(71, 1, '2025-11-13', '09:40:00', '10:00:00', 'libre'),
(72, 1, '2025-11-13', '10:00:00', '10:20:00', 'libre'),
(73, 1, '2025-11-13', '10:20:00', '10:40:00', 'libre'),
(74, 1, '2025-11-13', '10:40:00', '11:00:00', 'libre'),
(75, 1, '2025-11-13', '11:00:00', '11:20:00', 'libre'),
(76, 1, '2025-11-13', '11:20:00', '11:40:00', 'libre'),
(77, 1, '2025-11-13', '14:00:00', '14:20:00', 'libre'),
(78, 1, '2025-11-13', '14:20:00', '14:40:00', 'libre'),
(79, 1, '2025-11-13', '14:40:00', '15:00:00', 'libre'),
(80, 1, '2025-11-13', '15:00:00', '15:20:00', 'libre'),
(81, 1, '2025-11-13', '15:20:00', '15:40:00', 'libre'),
(82, 1, '2025-11-13', '15:40:00', '16:00:00', 'libre'),
(83, 1, '2025-11-13', '16:00:00', '16:20:00', 'libre'),
(84, 1, '2025-11-13', '16:20:00', '16:40:00', 'libre'),
(85, 1, '2025-11-13', '16:40:00', '17:00:00', 'libre'),
(86, 1, '2025-11-13', '17:00:00', '17:20:00', 'libre'),
(87, 1, '2025-11-13', '17:20:00', '17:40:00', 'libre'),
(88, 1, '2025-11-13', '17:40:00', '18:00:00', 'libre'),
(89, 1, '2025-11-13', '18:00:00', '18:20:00', 'libre'),
(90, 1, '2025-11-13', '18:20:00', '18:40:00', 'libre'),
(91, 1, '2025-11-13', '18:40:00', '19:00:00', 'libre'),
(92, 1, '2025-11-13', '19:00:00', '19:20:00', 'libre'),
(93, 1, '2025-11-13', '19:20:00', '19:40:00', 'libre'),
(94, 1, '2025-11-14', '07:00:00', '07:20:00', 'libre'),
(95, 1, '2025-11-14', '07:20:00', '07:40:00', 'libre'),
(96, 1, '2025-11-14', '07:40:00', '08:00:00', 'libre'),
(97, 1, '2025-11-14', '08:00:00', '08:20:00', 'libre'),
(98, 1, '2025-11-14', '08:20:00', '08:40:00', 'libre'),
(99, 1, '2025-11-14', '08:40:00', '09:00:00', 'libre'),
(100, 1, '2025-11-14', '09:00:00', '09:20:00', 'libre'),
(101, 1, '2025-11-14', '09:20:00', '09:40:00', 'libre'),
(102, 1, '2025-11-14', '09:40:00', '10:00:00', 'libre'),
(103, 1, '2025-11-14', '10:00:00', '10:20:00', 'libre'),
(104, 1, '2025-11-14', '10:20:00', '10:40:00', 'libre'),
(105, 1, '2025-11-14', '10:40:00', '11:00:00', 'libre'),
(106, 1, '2025-11-14', '11:00:00', '11:20:00', 'libre'),
(107, 1, '2025-11-14', '11:20:00', '11:40:00', 'libre'),
(108, 1, '2025-11-14', '14:00:00', '14:20:00', 'libre'),
(109, 1, '2025-11-14', '14:20:00', '14:40:00', 'libre'),
(110, 1, '2025-11-14', '14:40:00', '15:00:00', 'libre'),
(111, 1, '2025-11-14', '15:00:00', '15:20:00', 'libre'),
(112, 1, '2025-11-14', '15:20:00', '15:40:00', 'libre'),
(113, 1, '2025-11-14', '15:40:00', '16:00:00', 'libre'),
(114, 1, '2025-11-14', '16:00:00', '16:20:00', 'libre'),
(115, 1, '2025-11-14', '16:20:00', '16:40:00', 'libre'),
(116, 1, '2025-11-14', '16:40:00', '17:00:00', 'libre'),
(117, 1, '2025-11-14', '17:00:00', '17:20:00', 'libre'),
(118, 1, '2025-11-14', '17:20:00', '17:40:00', 'libre'),
(119, 1, '2025-11-14', '17:40:00', '18:00:00', 'libre'),
(120, 1, '2025-11-14', '18:00:00', '18:20:00', 'libre'),
(121, 1, '2025-11-14', '18:20:00', '18:40:00', 'libre'),
(122, 1, '2025-11-14', '18:40:00', '19:00:00', 'libre'),
(123, 1, '2025-11-14', '19:00:00', '19:20:00', 'libre'),
(124, 1, '2025-11-14', '19:20:00', '19:40:00', 'libre'),
(125, 1, '2025-11-15', '07:00:00', '07:20:00', 'libre'),
(126, 1, '2025-11-15', '07:20:00', '07:40:00', 'ocupado'),
(127, 1, '2025-11-15', '07:40:00', '08:00:00', 'libre'),
(128, 1, '2025-11-15', '08:00:00', '08:20:00', 'libre'),
(129, 1, '2025-11-15', '08:20:00', '08:40:00', 'libre'),
(130, 1, '2025-11-15', '08:40:00', '09:00:00', 'libre'),
(131, 1, '2025-11-15', '09:00:00', '09:20:00', 'libre'),
(132, 1, '2025-11-15', '09:20:00', '09:40:00', 'libre'),
(133, 1, '2025-11-15', '09:40:00', '10:00:00', 'libre'),
(134, 1, '2025-11-15', '10:00:00', '10:20:00', 'libre'),
(135, 1, '2025-11-15', '10:20:00', '10:40:00', 'libre'),
(136, 1, '2025-11-15', '10:40:00', '11:00:00', 'libre'),
(137, 1, '2025-11-15', '11:00:00', '11:20:00', 'libre'),
(138, 1, '2025-11-15', '11:20:00', '11:40:00', 'libre'),
(139, 1, '2025-11-15', '14:00:00', '14:20:00', 'libre'),
(140, 1, '2025-11-15', '14:20:00', '14:40:00', 'libre'),
(141, 1, '2025-11-15', '14:40:00', '15:00:00', 'libre'),
(142, 1, '2025-11-15', '15:00:00', '15:20:00', 'libre'),
(143, 1, '2025-11-15', '15:20:00', '15:40:00', 'libre'),
(144, 1, '2025-11-15', '15:40:00', '16:00:00', 'libre'),
(145, 1, '2025-11-15', '16:00:00', '16:20:00', 'libre'),
(146, 1, '2025-11-15', '16:20:00', '16:40:00', 'libre'),
(147, 1, '2025-11-15', '16:40:00', '17:00:00', 'libre'),
(148, 1, '2025-11-15', '17:00:00', '17:20:00', 'libre'),
(149, 1, '2025-11-15', '17:20:00', '17:40:00', 'libre'),
(150, 1, '2025-11-15', '17:40:00', '18:00:00', 'libre'),
(151, 1, '2025-11-15', '18:00:00', '18:20:00', 'libre'),
(152, 1, '2025-11-15', '18:20:00', '18:40:00', 'libre'),
(153, 1, '2025-11-15', '18:40:00', '19:00:00', 'libre'),
(154, 1, '2025-11-15', '19:00:00', '19:20:00', 'libre'),
(155, 1, '2025-11-15', '19:20:00', '19:40:00', 'libre'),
(156, 1, '2025-11-16', '07:00:00', '07:20:00', 'libre'),
(157, 1, '2025-11-16', '07:20:00', '07:40:00', 'ocupado'),
(158, 1, '2025-11-16', '07:40:00', '08:00:00', 'libre'),
(159, 1, '2025-11-16', '08:00:00', '08:20:00', 'libre'),
(160, 1, '2025-11-16', '08:20:00', '08:40:00', 'libre'),
(161, 1, '2025-11-16', '08:40:00', '09:00:00', 'libre'),
(162, 1, '2025-11-16', '09:00:00', '09:20:00', 'libre'),
(163, 1, '2025-11-16', '09:20:00', '09:40:00', 'libre'),
(164, 1, '2025-11-16', '09:40:00', '10:00:00', 'libre'),
(165, 1, '2025-11-16', '10:00:00', '10:20:00', 'libre'),
(166, 1, '2025-11-16', '10:20:00', '10:40:00', 'libre'),
(167, 1, '2025-11-16', '10:40:00', '11:00:00', 'libre'),
(168, 1, '2025-11-16', '11:00:00', '11:20:00', 'libre'),
(169, 1, '2025-11-16', '11:20:00', '11:40:00', 'libre'),
(170, 1, '2025-11-16', '14:00:00', '14:20:00', 'libre'),
(171, 1, '2025-11-16', '14:20:00', '14:40:00', 'libre'),
(172, 1, '2025-11-16', '14:40:00', '15:00:00', 'libre'),
(173, 1, '2025-11-16', '15:00:00', '15:20:00', 'libre'),
(174, 1, '2025-11-16', '15:20:00', '15:40:00', 'libre'),
(175, 1, '2025-11-16', '15:40:00', '16:00:00', 'libre'),
(176, 1, '2025-11-16', '16:00:00', '16:20:00', 'libre'),
(177, 1, '2025-11-16', '16:20:00', '16:40:00', 'libre'),
(178, 1, '2025-11-16', '16:40:00', '17:00:00', 'libre'),
(179, 1, '2025-11-16', '17:00:00', '17:20:00', 'libre'),
(180, 1, '2025-11-16', '17:20:00', '17:40:00', 'libre'),
(181, 1, '2025-11-16', '17:40:00', '18:00:00', 'libre'),
(182, 1, '2025-11-16', '18:00:00', '18:20:00', 'libre'),
(183, 1, '2025-11-16', '18:20:00', '18:40:00', 'libre'),
(184, 1, '2025-11-16', '18:40:00', '19:00:00', 'libre'),
(185, 1, '2025-11-16', '19:00:00', '19:20:00', 'libre'),
(186, 1, '2025-11-16', '19:20:00', '19:40:00', 'libre'),
(187, 1, '2025-11-17', '07:00:00', '07:20:00', 'libre'),
(188, 1, '2025-11-17', '07:20:00', '07:40:00', 'libre'),
(189, 1, '2025-11-17', '07:40:00', '08:00:00', 'libre'),
(190, 1, '2025-11-17', '08:00:00', '08:20:00', 'libre'),
(191, 1, '2025-11-17', '08:20:00', '08:40:00', 'libre'),
(192, 1, '2025-11-17', '08:40:00', '09:00:00', 'libre'),
(193, 1, '2025-11-17', '09:00:00', '09:20:00', 'libre'),
(194, 1, '2025-11-17', '09:20:00', '09:40:00', 'libre'),
(195, 1, '2025-11-17', '09:40:00', '10:00:00', 'libre'),
(196, 1, '2025-11-17', '10:00:00', '10:20:00', 'libre'),
(197, 1, '2025-11-17', '10:20:00', '10:40:00', 'libre'),
(198, 1, '2025-11-17', '10:40:00', '11:00:00', 'libre'),
(199, 1, '2025-11-17', '11:00:00', '11:20:00', 'libre'),
(200, 1, '2025-11-17', '11:20:00', '11:40:00', 'libre'),
(201, 1, '2025-11-17', '14:00:00', '14:20:00', 'libre'),
(202, 1, '2025-11-17', '14:20:00', '14:40:00', 'libre'),
(203, 1, '2025-11-17', '14:40:00', '15:00:00', 'libre'),
(204, 1, '2025-11-17', '15:00:00', '15:20:00', 'libre'),
(205, 1, '2025-11-17', '15:20:00', '15:40:00', 'libre'),
(206, 1, '2025-11-17', '15:40:00', '16:00:00', 'libre'),
(207, 1, '2025-11-17', '16:00:00', '16:20:00', 'libre'),
(208, 1, '2025-11-17', '16:20:00', '16:40:00', 'libre'),
(209, 1, '2025-11-17', '16:40:00', '17:00:00', 'libre'),
(210, 1, '2025-11-17', '17:00:00', '17:20:00', 'libre'),
(211, 1, '2025-11-17', '17:20:00', '17:40:00', 'libre'),
(212, 1, '2025-11-17', '17:40:00', '18:00:00', 'libre'),
(213, 1, '2025-11-17', '18:00:00', '18:20:00', 'libre'),
(214, 1, '2025-11-17', '18:20:00', '18:40:00', 'libre'),
(215, 1, '2025-11-17', '18:40:00', '19:00:00', 'libre'),
(216, 1, '2025-11-17', '19:00:00', '19:20:00', 'libre'),
(217, 1, '2025-11-17', '19:20:00', '19:40:00', 'libre'),
(218, 2, '2025-11-11', '07:00:00', '07:20:00', 'libre'),
(219, 2, '2025-11-11', '07:20:00', '07:40:00', 'libre'),
(220, 2, '2025-11-11', '07:40:00', '08:00:00', 'libre'),
(221, 2, '2025-11-11', '08:00:00', '08:20:00', 'libre'),
(222, 2, '2025-11-11', '08:20:00', '08:40:00', 'libre'),
(223, 2, '2025-11-11', '08:40:00', '09:00:00', 'libre'),
(224, 2, '2025-11-11', '09:00:00', '09:20:00', 'libre'),
(225, 2, '2025-11-11', '09:20:00', '09:40:00', 'libre'),
(226, 2, '2025-11-11', '09:40:00', '10:00:00', 'libre'),
(227, 2, '2025-11-11', '10:00:00', '10:20:00', 'libre'),
(228, 2, '2025-11-11', '10:20:00', '10:40:00', 'libre'),
(229, 2, '2025-11-11', '10:40:00', '11:00:00', 'libre'),
(230, 2, '2025-11-11', '11:00:00', '11:20:00', 'libre'),
(231, 2, '2025-11-11', '11:20:00', '11:40:00', 'libre'),
(232, 2, '2025-11-11', '14:00:00', '14:20:00', 'libre'),
(233, 2, '2025-11-11', '14:20:00', '14:40:00', 'libre'),
(234, 2, '2025-11-11', '14:40:00', '15:00:00', 'libre'),
(235, 2, '2025-11-11', '15:00:00', '15:20:00', 'libre'),
(236, 2, '2025-11-11', '15:20:00', '15:40:00', 'libre'),
(237, 2, '2025-11-11', '15:40:00', '16:00:00', 'libre'),
(238, 2, '2025-11-11', '16:00:00', '16:20:00', 'libre'),
(239, 2, '2025-11-11', '16:20:00', '16:40:00', 'libre'),
(240, 2, '2025-11-11', '16:40:00', '17:00:00', 'libre'),
(241, 2, '2025-11-11', '17:00:00', '17:20:00', 'libre'),
(242, 2, '2025-11-11', '17:20:00', '17:40:00', 'libre'),
(243, 2, '2025-11-11', '17:40:00', '18:00:00', 'libre'),
(244, 2, '2025-11-11', '18:00:00', '18:20:00', 'libre'),
(245, 2, '2025-11-11', '18:20:00', '18:40:00', 'libre'),
(246, 2, '2025-11-11', '18:40:00', '19:00:00', 'libre'),
(247, 2, '2025-11-11', '19:00:00', '19:20:00', 'libre'),
(248, 2, '2025-11-11', '19:20:00', '19:40:00', 'libre'),
(249, 2, '2025-11-12', '07:00:00', '07:20:00', 'libre'),
(250, 2, '2025-11-12', '07:20:00', '07:40:00', 'libre'),
(251, 2, '2025-11-12', '07:40:00', '08:00:00', 'libre'),
(252, 2, '2025-11-12', '08:00:00', '08:20:00', 'libre'),
(253, 2, '2025-11-12', '08:20:00', '08:40:00', 'libre'),
(254, 2, '2025-11-12', '08:40:00', '09:00:00', 'libre'),
(255, 2, '2025-11-12', '09:00:00', '09:20:00', 'libre'),
(256, 2, '2025-11-12', '09:20:00', '09:40:00', 'libre'),
(257, 2, '2025-11-12', '09:40:00', '10:00:00', 'libre'),
(258, 2, '2025-11-12', '10:00:00', '10:20:00', 'libre'),
(259, 2, '2025-11-12', '10:20:00', '10:40:00', 'libre'),
(260, 2, '2025-11-12', '10:40:00', '11:00:00', 'libre'),
(261, 2, '2025-11-12', '11:00:00', '11:20:00', 'libre'),
(262, 2, '2025-11-12', '11:20:00', '11:40:00', 'libre'),
(263, 2, '2025-11-12', '14:00:00', '14:20:00', 'libre'),
(264, 2, '2025-11-12', '14:20:00', '14:40:00', 'libre'),
(265, 2, '2025-11-12', '14:40:00', '15:00:00', 'libre'),
(266, 2, '2025-11-12', '15:00:00', '15:20:00', 'libre'),
(267, 2, '2025-11-12', '15:20:00', '15:40:00', 'libre'),
(268, 2, '2025-11-12', '15:40:00', '16:00:00', 'libre'),
(269, 2, '2025-11-12', '16:00:00', '16:20:00', 'libre'),
(270, 2, '2025-11-12', '16:20:00', '16:40:00', 'libre'),
(271, 2, '2025-11-12', '16:40:00', '17:00:00', 'libre'),
(272, 2, '2025-11-12', '17:00:00', '17:20:00', 'libre'),
(273, 2, '2025-11-12', '17:20:00', '17:40:00', 'libre'),
(274, 2, '2025-11-12', '17:40:00', '18:00:00', 'libre'),
(275, 2, '2025-11-12', '18:00:00', '18:20:00', 'libre'),
(276, 2, '2025-11-12', '18:20:00', '18:40:00', 'libre'),
(277, 2, '2025-11-12', '18:40:00', '19:00:00', 'ocupado'),
(278, 2, '2025-11-12', '19:00:00', '19:20:00', 'ocupado'),
(279, 2, '2025-11-12', '19:20:00', '19:40:00', 'ocupado'),
(280, 2, '2025-11-13', '07:00:00', '07:20:00', 'libre'),
(281, 2, '2025-11-13', '07:20:00', '07:40:00', 'libre'),
(282, 2, '2025-11-13', '07:40:00', '08:00:00', 'libre'),
(283, 2, '2025-11-13', '08:00:00', '08:20:00', 'libre'),
(284, 2, '2025-11-13', '08:20:00', '08:40:00', 'libre'),
(285, 2, '2025-11-13', '08:40:00', '09:00:00', 'libre'),
(286, 2, '2025-11-13', '09:00:00', '09:20:00', 'libre'),
(287, 2, '2025-11-13', '09:20:00', '09:40:00', 'libre'),
(288, 2, '2025-11-13', '09:40:00', '10:00:00', 'libre'),
(289, 2, '2025-11-13', '10:00:00', '10:20:00', 'libre'),
(290, 2, '2025-11-13', '10:20:00', '10:40:00', 'libre'),
(291, 2, '2025-11-13', '10:40:00', '11:00:00', 'libre'),
(292, 2, '2025-11-13', '11:00:00', '11:20:00', 'libre'),
(293, 2, '2025-11-13', '11:20:00', '11:40:00', 'libre'),
(294, 2, '2025-11-13', '14:00:00', '14:20:00', 'libre'),
(295, 2, '2025-11-13', '14:20:00', '14:40:00', 'libre'),
(296, 2, '2025-11-13', '14:40:00', '15:00:00', 'libre'),
(297, 2, '2025-11-13', '15:00:00', '15:20:00', 'libre'),
(298, 2, '2025-11-13', '15:20:00', '15:40:00', 'libre'),
(299, 2, '2025-11-13', '15:40:00', '16:00:00', 'libre'),
(300, 2, '2025-11-13', '16:00:00', '16:20:00', 'libre'),
(301, 2, '2025-11-13', '16:20:00', '16:40:00', 'libre'),
(302, 2, '2025-11-13', '16:40:00', '17:00:00', 'libre'),
(303, 2, '2025-11-13', '17:00:00', '17:20:00', 'libre'),
(304, 2, '2025-11-13', '17:20:00', '17:40:00', 'libre'),
(305, 2, '2025-11-13', '17:40:00', '18:00:00', 'libre'),
(306, 2, '2025-11-13', '18:00:00', '18:20:00', 'libre'),
(307, 2, '2025-11-13', '18:20:00', '18:40:00', 'libre'),
(308, 2, '2025-11-13', '18:40:00', '19:00:00', 'libre'),
(309, 2, '2025-11-13', '19:00:00', '19:20:00', 'libre'),
(310, 2, '2025-11-13', '19:20:00', '19:40:00', 'libre'),
(311, 2, '2025-11-14', '07:00:00', '07:20:00', 'ocupado'),
(312, 2, '2025-11-14', '07:20:00', '07:40:00', 'libre'),
(313, 2, '2025-11-14', '07:40:00', '08:00:00', 'libre'),
(314, 2, '2025-11-14', '08:00:00', '08:20:00', 'libre'),
(315, 2, '2025-11-14', '08:20:00', '08:40:00', 'libre'),
(316, 2, '2025-11-14', '08:40:00', '09:00:00', 'libre'),
(317, 2, '2025-11-14', '09:00:00', '09:20:00', 'libre'),
(318, 2, '2025-11-14', '09:20:00', '09:40:00', 'libre'),
(319, 2, '2025-11-14', '09:40:00', '10:00:00', 'libre'),
(320, 2, '2025-11-14', '10:00:00', '10:20:00', 'libre'),
(321, 2, '2025-11-14', '10:20:00', '10:40:00', 'libre'),
(322, 2, '2025-11-14', '10:40:00', '11:00:00', 'libre'),
(323, 2, '2025-11-14', '11:00:00', '11:20:00', 'libre'),
(324, 2, '2025-11-14', '11:20:00', '11:40:00', 'libre'),
(325, 2, '2025-11-14', '14:00:00', '14:20:00', 'libre'),
(326, 2, '2025-11-14', '14:20:00', '14:40:00', 'libre'),
(327, 2, '2025-11-14', '14:40:00', '15:00:00', 'libre'),
(328, 2, '2025-11-14', '15:00:00', '15:20:00', 'libre'),
(329, 2, '2025-11-14', '15:20:00', '15:40:00', 'libre'),
(330, 2, '2025-11-14', '15:40:00', '16:00:00', 'libre'),
(331, 2, '2025-11-14', '16:00:00', '16:20:00', 'libre'),
(332, 2, '2025-11-14', '16:20:00', '16:40:00', 'libre'),
(333, 2, '2025-11-14', '16:40:00', '17:00:00', 'libre'),
(334, 2, '2025-11-14', '17:00:00', '17:20:00', 'ocupado'),
(335, 2, '2025-11-14', '17:20:00', '17:40:00', 'ocupado'),
(336, 2, '2025-11-14', '17:40:00', '18:00:00', 'ocupado'),
(337, 2, '2025-11-14', '18:00:00', '18:20:00', 'ocupado'),
(338, 2, '2025-11-14', '18:20:00', '18:40:00', 'ocupado'),
(339, 2, '2025-11-14', '18:40:00', '19:00:00', 'ocupado'),
(340, 2, '2025-11-14', '19:00:00', '19:20:00', 'ocupado'),
(341, 2, '2025-11-14', '19:20:00', '19:40:00', 'ocupado'),
(342, 2, '2025-11-15', '07:00:00', '07:20:00', 'ocupado'),
(343, 2, '2025-11-15', '07:20:00', '07:40:00', 'ocupado'),
(344, 2, '2025-11-15', '07:40:00', '08:00:00', 'ocupado'),
(345, 2, '2025-11-15', '08:00:00', '08:20:00', 'ocupado'),
(346, 2, '2025-11-15', '08:20:00', '08:40:00', 'libre'),
(347, 2, '2025-11-15', '08:40:00', '09:00:00', 'libre'),
(348, 2, '2025-11-15', '09:00:00', '09:20:00', 'ocupado'),
(349, 2, '2025-11-15', '09:20:00', '09:40:00', 'libre'),
(350, 2, '2025-11-15', '09:40:00', '10:00:00', 'libre'),
(351, 2, '2025-11-15', '10:00:00', '10:20:00', 'libre'),
(352, 2, '2025-11-15', '10:20:00', '10:40:00', 'libre'),
(353, 2, '2025-11-15', '10:40:00', '11:00:00', 'libre'),
(354, 2, '2025-11-15', '11:00:00', '11:20:00', 'libre'),
(355, 2, '2025-11-15', '11:20:00', '11:40:00', 'libre'),
(356, 2, '2025-11-15', '14:00:00', '14:20:00', 'libre'),
(357, 2, '2025-11-15', '14:20:00', '14:40:00', 'libre'),
(358, 2, '2025-11-15', '14:40:00', '15:00:00', 'libre'),
(359, 2, '2025-11-15', '15:00:00', '15:20:00', 'libre'),
(360, 2, '2025-11-15', '15:20:00', '15:40:00', 'libre'),
(361, 2, '2025-11-15', '15:40:00', '16:00:00', 'libre'),
(362, 2, '2025-11-15', '16:00:00', '16:20:00', 'libre'),
(363, 2, '2025-11-15', '16:20:00', '16:40:00', 'libre'),
(364, 2, '2025-11-15', '16:40:00', '17:00:00', 'libre'),
(365, 2, '2025-11-15', '17:00:00', '17:20:00', 'libre'),
(366, 2, '2025-11-15', '17:20:00', '17:40:00', 'libre'),
(367, 2, '2025-11-15', '17:40:00', '18:00:00', 'libre'),
(368, 2, '2025-11-15', '18:00:00', '18:20:00', 'libre'),
(369, 2, '2025-11-15', '18:20:00', '18:40:00', 'libre'),
(370, 2, '2025-11-15', '18:40:00', '19:00:00', 'ocupado'),
(371, 2, '2025-11-15', '19:00:00', '19:20:00', 'ocupado'),
(372, 2, '2025-11-15', '19:20:00', '19:40:00', 'ocupado'),
(373, 2, '2025-11-16', '07:00:00', '07:20:00', 'libre'),
(374, 2, '2025-11-16', '07:20:00', '07:40:00', 'libre'),
(375, 2, '2025-11-16', '07:40:00', '08:00:00', 'libre'),
(376, 2, '2025-11-16', '08:00:00', '08:20:00', 'libre'),
(377, 2, '2025-11-16', '08:20:00', '08:40:00', 'libre'),
(378, 2, '2025-11-16', '08:40:00', '09:00:00', 'libre'),
(379, 2, '2025-11-16', '09:00:00', '09:20:00', 'libre'),
(380, 2, '2025-11-16', '09:20:00', '09:40:00', 'libre'),
(381, 2, '2025-11-16', '09:40:00', '10:00:00', 'libre'),
(382, 2, '2025-11-16', '10:00:00', '10:20:00', 'libre'),
(383, 2, '2025-11-16', '10:20:00', '10:40:00', 'libre'),
(384, 2, '2025-11-16', '10:40:00', '11:00:00', 'libre'),
(385, 2, '2025-11-16', '11:00:00', '11:20:00', 'libre'),
(386, 2, '2025-11-16', '11:20:00', '11:40:00', 'libre'),
(387, 2, '2025-11-16', '14:00:00', '14:20:00', 'libre'),
(388, 2, '2025-11-16', '14:20:00', '14:40:00', 'libre'),
(389, 2, '2025-11-16', '14:40:00', '15:00:00', 'libre'),
(390, 2, '2025-11-16', '15:00:00', '15:20:00', 'libre'),
(391, 2, '2025-11-16', '15:20:00', '15:40:00', 'libre'),
(392, 2, '2025-11-16', '15:40:00', '16:00:00', 'libre'),
(393, 2, '2025-11-16', '16:00:00', '16:20:00', 'libre'),
(394, 2, '2025-11-16', '16:20:00', '16:40:00', 'libre'),
(395, 2, '2025-11-16', '16:40:00', '17:00:00', 'libre'),
(396, 2, '2025-11-16', '17:00:00', '17:20:00', 'libre'),
(397, 2, '2025-11-16', '17:20:00', '17:40:00', 'libre'),
(398, 2, '2025-11-16', '17:40:00', '18:00:00', 'libre'),
(399, 2, '2025-11-16', '18:00:00', '18:20:00', 'libre'),
(400, 2, '2025-11-16', '18:20:00', '18:40:00', 'libre'),
(401, 2, '2025-11-16', '18:40:00', '19:00:00', 'libre'),
(402, 2, '2025-11-16', '19:00:00', '19:20:00', 'libre'),
(403, 2, '2025-11-16', '19:20:00', '19:40:00', 'libre'),
(404, 2, '2025-11-17', '07:00:00', '07:20:00', 'libre'),
(405, 2, '2025-11-17', '07:20:00', '07:40:00', 'libre'),
(406, 2, '2025-11-17', '07:40:00', '08:00:00', 'libre'),
(407, 2, '2025-11-17', '08:00:00', '08:20:00', 'libre'),
(408, 2, '2025-11-17', '08:20:00', '08:40:00', 'libre'),
(409, 2, '2025-11-17', '08:40:00', '09:00:00', 'libre'),
(410, 2, '2025-11-17', '09:00:00', '09:20:00', 'libre'),
(411, 2, '2025-11-17', '09:20:00', '09:40:00', 'libre'),
(412, 2, '2025-11-17', '09:40:00', '10:00:00', 'libre'),
(413, 2, '2025-11-17', '10:00:00', '10:20:00', 'libre'),
(414, 2, '2025-11-17', '10:20:00', '10:40:00', 'libre'),
(415, 2, '2025-11-17', '10:40:00', '11:00:00', 'libre'),
(416, 2, '2025-11-17', '11:00:00', '11:20:00', 'libre'),
(417, 2, '2025-11-17', '11:20:00', '11:40:00', 'libre'),
(418, 2, '2025-11-17', '14:00:00', '14:20:00', 'libre'),
(419, 2, '2025-11-17', '14:20:00', '14:40:00', 'libre'),
(420, 2, '2025-11-17', '14:40:00', '15:00:00', 'libre'),
(421, 2, '2025-11-17', '15:00:00', '15:20:00', 'libre'),
(422, 2, '2025-11-17', '15:20:00', '15:40:00', 'libre'),
(423, 2, '2025-11-17', '15:40:00', '16:00:00', 'libre'),
(424, 2, '2025-11-17', '16:00:00', '16:20:00', 'libre'),
(425, 2, '2025-11-17', '16:20:00', '16:40:00', 'libre'),
(426, 2, '2025-11-17', '16:40:00', '17:00:00', 'libre'),
(427, 2, '2025-11-17', '17:00:00', '17:20:00', 'libre'),
(428, 2, '2025-11-17', '17:20:00', '17:40:00', 'libre'),
(429, 2, '2025-11-17', '17:40:00', '18:00:00', 'libre'),
(430, 2, '2025-11-17', '18:00:00', '18:20:00', 'libre'),
(431, 2, '2025-11-17', '18:20:00', '18:40:00', 'libre'),
(432, 2, '2025-11-17', '18:40:00', '19:00:00', 'libre'),
(433, 2, '2025-11-17', '19:00:00', '19:20:00', 'libre'),
(434, 2, '2025-11-17', '19:20:00', '19:40:00', 'libre'),
(1303, 3, '2025-11-14', '07:00:00', '07:20:00', 'ocupado'),
(1304, 3, '2025-11-14', '07:20:00', '07:40:00', 'libre'),
(1305, 3, '2025-11-14', '07:40:00', '08:00:00', 'libre'),
(1306, 3, '2025-11-14', '08:00:00', '08:20:00', 'libre'),
(1307, 3, '2025-11-14', '08:20:00', '08:40:00', 'libre'),
(1308, 3, '2025-11-14', '08:40:00', '09:00:00', 'libre'),
(1309, 3, '2025-11-14', '09:00:00', '09:20:00', 'libre'),
(1310, 3, '2025-11-14', '09:20:00', '09:40:00', 'libre'),
(1311, 3, '2025-11-14', '09:40:00', '10:00:00', 'libre'),
(1312, 3, '2025-11-14', '10:00:00', '10:20:00', 'libre'),
(1313, 3, '2025-11-14', '10:20:00', '10:40:00', 'libre'),
(1314, 3, '2025-11-14', '10:40:00', '11:00:00', 'libre'),
(1315, 3, '2025-11-14', '11:00:00', '11:20:00', 'libre'),
(1316, 3, '2025-11-14', '11:20:00', '11:40:00', 'libre'),
(1317, 3, '2025-11-14', '14:00:00', '14:20:00', 'libre'),
(1318, 3, '2025-11-14', '14:20:00', '14:40:00', 'libre'),
(1319, 3, '2025-11-14', '14:40:00', '15:00:00', 'libre'),
(1320, 3, '2025-11-14', '15:00:00', '15:20:00', 'libre'),
(1321, 3, '2025-11-14', '15:20:00', '15:40:00', 'libre'),
(1322, 3, '2025-11-14', '15:40:00', '16:00:00', 'libre'),
(1323, 3, '2025-11-14', '16:00:00', '16:20:00', 'libre'),
(1324, 3, '2025-11-14', '16:20:00', '16:40:00', 'libre'),
(1325, 3, '2025-11-14', '16:40:00', '17:00:00', 'libre'),
(1326, 3, '2025-11-14', '17:00:00', '17:20:00', 'libre'),
(1327, 3, '2025-11-14', '17:20:00', '17:40:00', 'libre'),
(1328, 3, '2025-11-14', '17:40:00', '18:00:00', 'libre'),
(1329, 3, '2025-11-14', '18:00:00', '18:20:00', 'libre'),
(1330, 3, '2025-11-14', '18:20:00', '18:40:00', 'libre'),
(1331, 3, '2025-11-14', '18:40:00', '19:00:00', 'libre'),
(1332, 3, '2025-11-14', '19:00:00', '19:20:00', 'libre'),
(1333, 3, '2025-11-14', '19:20:00', '19:40:00', 'libre'),
(1334, 3, '2025-11-15', '07:00:00', '07:20:00', 'ocupado'),
(1335, 3, '2025-11-15', '07:20:00', '07:40:00', 'libre'),
(1336, 3, '2025-11-15', '07:40:00', '08:00:00', 'libre'),
(1337, 3, '2025-11-15', '08:00:00', '08:20:00', 'libre'),
(1338, 3, '2025-11-15', '08:20:00', '08:40:00', 'libre'),
(1339, 3, '2025-11-15', '08:40:00', '09:00:00', 'libre'),
(1340, 3, '2025-11-15', '09:00:00', '09:20:00', 'libre'),
(1341, 3, '2025-11-15', '09:20:00', '09:40:00', 'libre'),
(1342, 3, '2025-11-15', '09:40:00', '10:00:00', 'libre'),
(1343, 3, '2025-11-15', '10:00:00', '10:20:00', 'libre'),
(1344, 3, '2025-11-15', '10:20:00', '10:40:00', 'libre'),
(1345, 3, '2025-11-15', '10:40:00', '11:00:00', 'libre'),
(1346, 3, '2025-11-15', '11:00:00', '11:20:00', 'libre'),
(1347, 3, '2025-11-15', '11:20:00', '11:40:00', 'libre'),
(1348, 3, '2025-11-15', '14:00:00', '14:20:00', 'libre'),
(1349, 3, '2025-11-15', '14:20:00', '14:40:00', 'libre'),
(1350, 3, '2025-11-15', '14:40:00', '15:00:00', 'libre'),
(1351, 3, '2025-11-15', '15:00:00', '15:20:00', 'libre'),
(1352, 3, '2025-11-15', '15:20:00', '15:40:00', 'libre'),
(1353, 3, '2025-11-15', '15:40:00', '16:00:00', 'libre'),
(1354, 3, '2025-11-15', '16:00:00', '16:20:00', 'libre'),
(1355, 3, '2025-11-15', '16:20:00', '16:40:00', 'libre'),
(1356, 3, '2025-11-15', '16:40:00', '17:00:00', 'libre'),
(1357, 3, '2025-11-15', '17:00:00', '17:20:00', 'libre'),
(1358, 3, '2025-11-15', '17:20:00', '17:40:00', 'libre'),
(1359, 3, '2025-11-15', '17:40:00', '18:00:00', 'libre'),
(1360, 3, '2025-11-15', '18:00:00', '18:20:00', 'libre'),
(1361, 3, '2025-11-15', '18:20:00', '18:40:00', 'libre'),
(1362, 3, '2025-11-15', '18:40:00', '19:00:00', 'libre'),
(1363, 3, '2025-11-15', '19:00:00', '19:20:00', 'libre'),
(1364, 3, '2025-11-15', '19:20:00', '19:40:00', 'libre');

-- --------------------------------------------------------

--
-- Estructura de tabla para la tabla `medicos`
--

CREATE TABLE `medicos` (
  `id_medico` int(11) NOT NULL,
  `cedula` varchar(20) NOT NULL,
  `nombre` varchar(100) NOT NULL,
  `apellido` varchar(100) NOT NULL,
  `correo` varchar(100) NOT NULL,
  `id_especialidad` int(11) NOT NULL,
  `id_rol` int(11) NOT NULL DEFAULT 2
) ENGINE=InnoDB DEFAULT CHARSET=utf8mb4 COLLATE=utf8mb4_general_ci;

--
-- Volcado de datos para la tabla `medicos`
--

INSERT INTO `medicos` (`id_medico`, `cedula`, `nombre`, `apellido`, `correo`, `id_especialidad`, `id_rol`) VALUES
(1, '87654321', 'Ana', 'Gómez', 'ana@clinic.com', 1, 2),
(2, '876543210', 'lucy', 'castro', 'lucy@clinic.com', 2, 2),
(3, '8765432100', 'julian', 'medina', 'juli@clinic.com', 3, 2);

-- --------------------------------------------------------

--
-- Estructura de tabla para la tabla `notificacion`
--

CREATE TABLE `notificacion` (
  `id_notificacion` int(11) NOT NULL,
  `id_paciente` int(11) NOT NULL,
  `mensaje` text NOT NULL,
  `fecha_creacion` timestamp NOT NULL DEFAULT current_timestamp(),
  `leida` enum('si','no') DEFAULT 'no'
) ENGINE=InnoDB DEFAULT CHARSET=utf8mb4 COLLATE=utf8mb4_general_ci;

--
-- Volcado de datos para la tabla `notificacion`
--

INSERT INTO `notificacion` (`id_notificacion`, `id_paciente`, `mensaje`, `fecha_creacion`, `leida`) VALUES
(24, 1, 'Su cita de especializacion ha sido agendada exitosamente para el 14/11/2025 a las 17:00 hrs.', '2025-11-15 04:31:28', 'si'),
(25, 1, 'Su cita con Dr. lucy para el 14/11/2025 a las 17:00 ha sido cancelada.', '2025-11-15 04:59:33', 'si'),
(26, 1, 'Su cita de especializacion ha sido agendada exitosamente para el 15/11/2025 a las 07:00 hrs.', '2025-11-15 05:00:27', 'si'),
(27, 1, 'Su cita con Dr. julian para el 15/11/2025 a las 07:00 ha sido cancelada.', '2025-11-15 05:21:28', 'si'),
(28, 1, 'Su cita de especializacion ha sido agendada exitosamente para el 15/11/2025 a las 07:00 hrs.', '2025-11-15 05:27:38', 'si'),
(29, 1, 'Su cita con Dr. lucy para el 15/11/2025 a las 07:00 ha sido cancelada.', '2025-11-15 05:38:25', 'si'),
(30, 1, 'Su cita de especializacion ha sido agendada exitosamente para el 15/11/2025 a las 07:40 hrs.', '2025-11-15 05:39:16', 'si'),
(31, 1, 'Su cita con Dr. lucy para el 15/11/2025 a las 07:40 ha sido cancelada.', '2025-11-15 06:23:43', 'si'),
(32, 1, 'Su cita de especializacion ha sido agendada exitosamente para el 15/11/2025 a las 18:40 hrs.', '2025-11-15 06:50:24', 'si'),
(33, 1, 'Su cita con Dr. lucy para el 15/11/2025 a las 18:40 ha sido cancelada.', '2025-11-15 07:00:27', 'si'),
(34, 1, 'Su cita de especializacion ha sido agendada exitosamente para el 15/11/2025 a las 09:00 hrs.', '2025-11-15 07:26:46', 'si'),
(35, 1, 'Su cita con Dr. lucy para el 15/11/2025 a las 09:00 ha sido cancelada.', '2025-11-15 07:27:02', 'si'),
(36, 1, 'Su cita de especializacion ha sido agendada exitosamente para el 15/11/2025 a las 08:00 hrs.', '2025-11-15 07:30:11', 'si'),
(37, 1, 'Su cita con Dr. lucy para el 15/11/2025 a las 08:00 ha sido cancelada.', '2025-11-15 07:30:20', 'si'),
(38, 1, 'Su cita de especializacion ha sido agendada exitosamente para el 15/11/2025 a las 08:20 hrs.', '2025-11-15 07:36:49', 'si'),
(39, 1, 'Su cita de general ha sido agendada exitosamente para el 15/11/2025 a las 07:00 hrs.', '2025-11-15 08:19:16', 'si'),
(40, 1, 'Su cita de general ha sido agendada exitosamente para el 15/11/2025 a las 07:20 hrs.', '2025-11-15 16:07:21', 'si'),
(41, 1, 'Su cita con Dr. Ana para el 15/11/2025 a las 07:20 ha sido cancelada.', '2025-11-15 16:09:08', 'si'),
(42, 1, 'Su cita con Dr. Ana para el 15/11/2025 a las 07:00 ha sido cancelada.', '2025-11-15 16:26:57', 'si'),
(43, 1, 'Su cita con Dr. lucy para el 15/11/2025 a las 08:20 ha sido cancelada.', '2025-11-15 18:39:33', 'si'),
(44, 1, 'Su cita de general ha sido agendada exitosamente para el 15/11/2025 a las 07:00 hrs.', '2025-11-15 19:28:41', 'si'),
(45, 1, 'Su cita de general ha sido agendada exitosamente para el 15/11/2025 a las 07:20 hrs.', '2025-11-16 03:59:07', 'si'),
(46, 1, 'Su cita con Dr. Ana para el 15/11/2025 a las 07:00 ha sido cancelada.', '2025-11-16 03:59:28', 'si'),
(47, 1, 'Su cita de general ha sido agendada exitosamente para el 15/11/2025 a las 07:00 hrs.', '2025-11-16 04:00:09', 'si'),
(48, 1, 'Su cita de general ha sido agendada exitosamente para el 15/11/2025 a las 07:40 hrs.', '2025-11-16 04:11:12', 'si'),
(49, 1, 'Su cita con Dr. Ana para el 15/11/2025 a las 07:00 ha sido cancelada.', '2025-11-16 04:30:36', 'si'),
(50, 1, 'Su cita con Dr. Ana para el 15/11/2025 a las 07:40 ha sido cancelada.', '2025-11-16 04:30:40', 'si'),
(51, 1, 'Su cita con Dr. Ana para el 15/11/2025 a las 07:40 ha sido cancelada.', '2025-11-16 04:30:40', 'si'),
(52, 1, 'Su cita de general ha sido agendada exitosamente para el 16/11/2025 a las 07:00 hrs.', '2025-11-16 04:31:11', 'si'),
(53, 1, 'Su cita de general ha sido agendada exitosamente para el 16/11/2025 a las 07:20 hrs.', '2025-11-16 04:34:10', 'si');

-- --------------------------------------------------------

--
-- Estructura de tabla para la tabla `pacientes`
--

CREATE TABLE `pacientes` (
  `id_paciente` int(11) NOT NULL,
  `cedula` varchar(20) NOT NULL,
  `nombre` varchar(100) NOT NULL,
  `apellidos` varchar(100) NOT NULL,
  `correo` varchar(100) NOT NULL,
  `id_rol` int(11) NOT NULL DEFAULT 1
) ENGINE=InnoDB DEFAULT CHARSET=utf8mb4 COLLATE=utf8mb4_general_ci;

--
-- Volcado de datos para la tabla `pacientes`
--

INSERT INTO `pacientes` (`id_paciente`, `cedula`, `nombre`, `apellidos`, `correo`, `id_rol`) VALUES
(1, '12345678', 'Santiago', 'Rosada', 'santiagorosada@unicomfacauca.edu.co', 1),
(2, '123456789', 'dana', 'tintinago', 'dana@unicomfacauca.edu.co', 1),
(3, '1234567', 'nicol', 'manquillo', 'nicol@unicomfacauca.edu.co', 1);

-- --------------------------------------------------------

--
-- Estructura de tabla para la tabla `roles`
--

CREATE TABLE `roles` (
  `id_rol` int(11) NOT NULL,
  `rol` varchar(50) NOT NULL
) ENGINE=InnoDB DEFAULT CHARSET=utf8mb4 COLLATE=utf8mb4_general_ci;

--
-- Volcado de datos para la tabla `roles`
--

INSERT INTO `roles` (`id_rol`, `rol`) VALUES
(1, 'PACIENTE'),
(2, 'MEDICO'),
(3, 'ADMIN');

--
-- Índices para tablas volcadas
--

--
-- Indices de la tabla `citas`
--
ALTER TABLE `citas`
  ADD PRIMARY KEY (`id_cita`),
  ADD KEY `id_paciente` (`id_paciente`),
  ADD KEY `id_medico` (`id_medico`);

--
-- Indices de la tabla `especialidad`
--
ALTER TABLE `especialidad`
  ADD PRIMARY KEY (`id_especialidad`);

--
-- Indices de la tabla `horarios`
--
ALTER TABLE `horarios`
  ADD PRIMARY KEY (`id_horario`),
  ADD UNIQUE KEY `unique_horario_medico` (`id_medico`,`fecha`,`hora_inicio`);

--
-- Indices de la tabla `medicos`
--
ALTER TABLE `medicos`
  ADD PRIMARY KEY (`id_medico`),
  ADD UNIQUE KEY `cedula` (`cedula`),
  ADD UNIQUE KEY `correo` (`correo`),
  ADD KEY `id_especialidad` (`id_especialidad`),
  ADD KEY `id_rol` (`id_rol`);

--
-- Indices de la tabla `notificacion`
--
ALTER TABLE `notificacion`
  ADD PRIMARY KEY (`id_notificacion`),
  ADD KEY `id_paciente` (`id_paciente`);

--
-- Indices de la tabla `pacientes`
--
ALTER TABLE `pacientes`
  ADD PRIMARY KEY (`id_paciente`),
  ADD UNIQUE KEY `cedula` (`cedula`),
  ADD UNIQUE KEY `correo` (`correo`),
  ADD KEY `id_rol` (`id_rol`);

--
-- Indices de la tabla `roles`
--
ALTER TABLE `roles`
  ADD PRIMARY KEY (`id_rol`);

--
-- AUTO_INCREMENT de las tablas volcadas
--

--
-- AUTO_INCREMENT de la tabla `citas`
--
ALTER TABLE `citas`
  MODIFY `id_cita` int(11) NOT NULL AUTO_INCREMENT, AUTO_INCREMENT=36;

--
-- AUTO_INCREMENT de la tabla `especialidad`
--
ALTER TABLE `especialidad`
  MODIFY `id_especialidad` int(11) NOT NULL AUTO_INCREMENT, AUTO_INCREMENT=6;

--
-- AUTO_INCREMENT de la tabla `horarios`
--
ALTER TABLE `horarios`
  MODIFY `id_horario` int(11) NOT NULL AUTO_INCREMENT, AUTO_INCREMENT=1365;

--
-- AUTO_INCREMENT de la tabla `medicos`
--
ALTER TABLE `medicos`
  MODIFY `id_medico` int(11) NOT NULL AUTO_INCREMENT, AUTO_INCREMENT=4;

--
-- AUTO_INCREMENT de la tabla `notificacion`
--
ALTER TABLE `notificacion`
  MODIFY `id_notificacion` int(11) NOT NULL AUTO_INCREMENT, AUTO_INCREMENT=54;

--
-- AUTO_INCREMENT de la tabla `pacientes`
--
ALTER TABLE `pacientes`
  MODIFY `id_paciente` int(11) NOT NULL AUTO_INCREMENT, AUTO_INCREMENT=4;

--
-- AUTO_INCREMENT de la tabla `roles`
--
ALTER TABLE `roles`
  MODIFY `id_rol` int(11) NOT NULL AUTO_INCREMENT, AUTO_INCREMENT=4;

--
-- Restricciones para tablas volcadas
--

--
-- Filtros para la tabla `citas`
--
ALTER TABLE `citas`
  ADD CONSTRAINT `citas_ibfk_1` FOREIGN KEY (`id_paciente`) REFERENCES `pacientes` (`id_paciente`) ON DELETE CASCADE ON UPDATE CASCADE,
  ADD CONSTRAINT `citas_ibfk_2` FOREIGN KEY (`id_medico`) REFERENCES `medicos` (`id_medico`) ON DELETE CASCADE ON UPDATE CASCADE;

--
-- Filtros para la tabla `horarios`
--
ALTER TABLE `horarios`
  ADD CONSTRAINT `horarios_ibfk_1` FOREIGN KEY (`id_medico`) REFERENCES `medicos` (`id_medico`);

--
-- Filtros para la tabla `medicos`
--
ALTER TABLE `medicos`
  ADD CONSTRAINT `medicos_ibfk_1` FOREIGN KEY (`id_especialidad`) REFERENCES `especialidad` (`id_especialidad`) ON UPDATE CASCADE,
  ADD CONSTRAINT `medicos_ibfk_2` FOREIGN KEY (`id_rol`) REFERENCES `roles` (`id_rol`) ON UPDATE CASCADE;

--
-- Filtros para la tabla `notificacion`
--
ALTER TABLE `notificacion`
  ADD CONSTRAINT `notificacion_ibfk_1` FOREIGN KEY (`id_paciente`) REFERENCES `pacientes` (`id_paciente`) ON DELETE CASCADE ON UPDATE CASCADE;

--
-- Filtros para la tabla `pacientes`
--
ALTER TABLE `pacientes`
  ADD CONSTRAINT `pacientes_ibfk_1` FOREIGN KEY (`id_rol`) REFERENCES `roles` (`id_rol`) ON UPDATE CASCADE;
COMMIT;

/*!40101 SET CHARACTER_SET_CLIENT=@OLD_CHARACTER_SET_CLIENT */;
/*!40101 SET CHARACTER_SET_RESULTS=@OLD_CHARACTER_SET_RESULTS */;
/*!40101 SET COLLATION_CONNECTION=@OLD_COLLATION_CONNECTION */;
